{
    "cv_results": {
        "Logistic Regression": {
            "train_mean": 0.5250028811801314,
            "train_std": 0.004401134447377833,
            "test_mean": 0.5178382115694861,
            "test_std": 0.005679477910850192,
            "train_scores": [
                0.5264492336060851,
                0.529618531750605,
                0.5235104298720756,
                0.519649648496024,
                0.5261034919903192,
                0.5304828857900196,
                0.5205716261380662,
                0.5235104298720756,
                0.5316353578425723,
                0.5184971764434713
            ],
            "test_scores": [
                0.5174003226549896,
                0.5254666973957133,
                0.5280018437427979,
                0.5123300299608204,
                0.5139433049089652,
                0.5171698548052547,
                0.5141737727587001,
                0.5114081585618806,
                0.5245448259967734,
                0.5139433049089652
            ]
        },
        "Decision Tree": {
            "train_mean": 1.0,
            "train_std": 0.0,
            "test_mean": 0.7076976261811477,
            "test_std": 0.004059179407996326,
            "train_scores": [
                1.0,
                1.0,
                1.0,
                1.0,
                1.0,
                1.0,
                1.0,
                1.0,
                1.0,
                1.0
            ],
            "test_scores": [
                0.703387877391104,
                0.7105323807328877,
                0.7070753629868634,
                0.7068448951371283,
                0.6997003917953446,
                0.7066144272873934,
                0.7096105093339479,
                0.7158331412767919,
                0.7084581700852731,
                0.708919105784743
            ]
        },
        "Random Forest": {
            "train_mean": 0.9999942376397373,
            "train_std": 1.7287080788286335e-05,
            "test_mean": 0.7672274717676885,
            "test_std": 0.0042258025848117865,
            "train_scores": [
                1.0,
                1.0,
                1.0,
                1.0,
                1.0,
                1.0,
                1.0,
                1.0,
                1.0,
                0.9999423763973724
            ],
            "test_scores": [
                0.7626181147729891,
                0.7702235538142429,
                0.7681493431666283,
                0.7672274717676885,
                0.763539986171929,
                0.763079050472459,
                0.775293846508412,
                0.7640009218713989,
                0.7649227932703387,
                0.7732196358607974
            ]
        },
        "Extra Trees": {
            "train_mean": 1.0,
            "train_std": 0.0,
            "test_mean": 0.7539755704079281,
            "test_std": 0.00182419343123347,
            "train_scores": [
                1.0,
                1.0,
                1.0,
                1.0,
                1.0,
                1.0,
                1.0,
                1.0,
                1.0,
                1.0
            ],
            "test_scores": [
                0.7510947222862411,
                0.7561650149804102,
                0.7547822078820005,
                0.7543212721825305,
                0.7540908043327956,
                0.7550126757317355,
                0.7504033187370361,
                0.7554736114312054,
                0.7554736114312054,
                0.7529384650841208
            ]
        },
        "Gradient Boosting": {
            "train_mean": 0.8960239714186929,
            "train_std": 0.0012458430779098866,
            "test_mean": 0.7817008527310441,
            "test_std": 0.005201430120966326,
            "train_scores": [
                0.897026622104414,
                0.8945488071914256,
                0.8947793016019362,
                0.8978333525412009,
                0.8966232568860205,
                0.8958165264492336,
                0.895758902846606,
                0.8940301947677769,
                0.8960470208597442,
                0.8977757289385733
            ],
            "test_scores": [
                0.7787508642544365,
                0.7849734961972805,
                0.7840516247983407,
                0.7893523853422447,
                0.7771375893062917,
                0.769762618114773,
                0.7801336713528463,
                0.7833602212491357,
                0.7847430283475455,
                0.7847430283475455
            ]
        },
        "AdaBoost": {
            "train_mean": 0.44062463985248357,
            "train_std": 0.028004681974296716,
            "test_mean": 0.4357455634938926,
            "test_std": 0.027360921426337687,
            "train_scores": [
                0.4863432061772502,
                0.41892359110291577,
                0.44508470669586264,
                0.42070992278437247,
                0.41160539356920595,
                0.4757404632937651,
                0.39639276247551,
                0.4390342284199608,
                0.44306788060389535,
                0.4693442434020975
            ],
            "test_scores": [
                0.48490435584235997,
                0.41230698317584696,
                0.44249827149112697,
                0.42037335791657066,
                0.4042406084351233,
                0.46623646001382807,
                0.39732657294307444,
                0.430053007605439,
                0.4353537681493432,
                0.4641622493662134
            ]
        },
        "XGBoost": {
            "train_mean": 1.0,
            "train_std": 0.0,
            "test_mean": 0.7939847891219174,
            "test_std": 0.0051857314753010475,
            "train_scores": [
                1.0,
                1.0,
                1.0,
                1.0,
                1.0,
                1.0,
                1.0,
                1.0,
                1.0,
                1.0
            ],
            "test_scores": [
                0.7932703387877391,
                0.799723438580318,
                0.7958054851348237,
                0.800184374279788,
                0.7856648997464853,
                0.7863563032956903,
                0.7891219174925098,
                0.799723438580318,
                0.7930398709380041,
                0.7969578243834985
            ]
        },
        "LightGBM": {
            "train_mean": 0.9999884752794745,
            "train_std": 2.304944105104845e-05,
            "test_mean": 0.7938926019820235,
            "test_std": 0.004648428549656152,
            "train_scores": [
                1.0,
                0.9999423763973724,
                1.0,
                1.0,
                1.0,
                1.0,
                0.9999423763973724,
                1.0,
                1.0,
                1.0
            ],
            "test_scores": [
                0.7865867711454252,
                0.7983406314819083,
                0.794192210186679,
                0.793500806637474,
                0.78820004609357,
                0.7916570638395943,
                0.8013367135284628,
                0.7985710993316433,
                0.7895828531919797,
                0.7969578243834985
            ]
        },
        "SVM (Linear)": {
            "train_mean": 0.6306788060389537,
            "train_std": 0.002091633590078613,
            "test_mean": 0.608596450795114,
            "test_std": 0.005764507265418723,