{
  "total_samples": 2173,
  "correct_predictions": 1493,
  "accuracy": 0.40174873446847675,
  "false_negative_count": 192,
  "false_positive_count": 488,
  "false_negative_mean_prob": 0.35855852993733234,
  "false_positive_mean_prob": 0.6852648332135395,
  "best_threshold": 0.3500000000000001,
  "best_f1": 0.7742757083731295
}