{
  "case1_weighted_3models": {
    "models": [
      "LogisticRegression",
      "RandomForest",
      "XGBoost"
    ],
    "metrics": {
      "f1": 0.7644230769230769,
      "auroc": 0.7222222222222222,
      "score": 0.7433226495726495
    },
    "method": "weighted_average"
  },
  "case2_weighted_2models": {
    "models": [
      "LogisticRegression",
      "XGBoost"
    ],
    "metrics": {
      "f1": 0.7665864558267446,
      "auroc": 0.7230302229271302,
      "score": 0.7448083393769374
    },
    "method": "weighted_average"
  },
  "case3_stacking_3models": {
    "models": [
      "LogisticRegression",
      "RandomForest",
      "XGBoost"
    ],
    "metrics": {
      "f1": 0.7604057362714236,
      "auroc": 0.7226257820072253,
      "score": 0.7415157591393244
    },
    "method": "stacking"
  },
  "ranking": [
    {
      "rank": 1,
      "method": "케이스 2 (2개 가중합)",
      "score": 0.7448083393769374
    },
    {
      "rank": 2,
      "method": "케이스 1 (3개 가중합)",
      "score": 0.7433226495726495
    },
    {
      "rank": 3,
      "method": "케이스 3 (3개 스태킹)",
      "score": 0.7415157591393244
    }
  ],
  "best_method": "케이스 2 (2개 가중합)"
}