{
  "best_models": {
    "LogisticRegression": {
      "config_name": "Level8",
      "params": {
        "C": 0.01
      },
      "test_score": 0.7345925807693228,
      "test_f1": 0.7527414220021224,
      "test_auroc": 0.7164437395365231,
      "model_type_actual": "LogisticRegression"
    },
    "CatBoost": {
      "config_name": "Level1",
      "params": {
        "iterations": 80,
        "depth": 6,
        "learning_rate": 0.1,
        "l2_leaf_reg": 0.5,
        "random_state": 42
      },
      "test_score": 0.7414948632196221,
      "test_f1": 0.7639986259017519,
      "test_auroc": 0.7189911005374923,
      "model_type_actual": "CatBoost"
    },
    "LightGBM": {
      "config_name": "Level-2",
      "params": {
        "n_estimators": 30,
        "max_depth": 3,
        "learning_rate": 0.1,
        "num_leaves": 15,
        "random_state": 42
      },
      "test_score": 0.7380040927914073,
      "test_f1": 0.7646662171274443,
      "test_auroc": 0.7113419684553705,
      "model_type_actual": "LightGBM"
    }
  },
  "individual_results": {
    "LogisticRegression": {
      "f1": 0.7543614794138171,
      "auroc": 0.7154674420653802,
      "score": 0.7349144607395987
    },
    "CatBoost": {
      "f1": 0.7642220699108979,
      "auroc": 0.7185998766411137,
      "score": 0.7414109732760058
    },
    "LightGBM": {
      "f1": 0.7646662171274443,
      "auroc": 0.7113419684553705,
      "score": 0.7380040927914073
    }
  },
  "ensemble_result": {
    "f1": 0.7697052775873886,
    "auroc": 0.7238584897347784,
    "score": 0.7467818836610836
  },
  "ensemble_method": "weighted_average",
  "weights": {
    "LogisticRegression": 0.33023025148943574,
    "CatBoost": 0.3364651385784914,
    "LightGBM": 0.33330460993207284
  }
}