{
  "best_models": {
    "RandomForest": {
      "config_name": "Level4",
      "params": {
        "n_estimators": 200,
        "max_depth": 15
      },
      "test_score": 0.7305872092068143,
      "test_f1": 0.7613559322033898,
      "test_auroc": 0.6998184862102388,
      "model_type_actual": "RandomForest"
    },
    "CatBoost": {
      "config_name": "Level1",
      "params": {
        "iterations": 80,
        "depth": 6,
        "learning_rate": 0.1,
        "l2_leaf_reg": 0.5,
        "random_state": 42
      },
      "test_score": 0.7414948632196221,
      "test_f1": 0.7639986259017519,
      "test_auroc": 0.7189911005374923,
      "model_type_actual": "CatBoost"
    },
    "LightGBM": {
      "config_name": "Level-2",
      "params": {
        "n_estimators": 30,
        "max_depth": 3,
        "learning_rate": 0.1,
        "num_leaves": 15,
        "random_state": 42
      },
      "test_score": 0.7380040927914073,
      "test_f1": 0.7646662171274443,
      "test_auroc": 0.7113419684553705,
      "model_type_actual": "LightGBM"
    }
  },
  "individual_results": {
    "RandomForest": {
      "f1": 0.7611990569215223,
      "auroc": 0.6976367961934973,
      "score": 0.7294179265575098
    },
    "CatBoost": {
      "f1": 0.7642220699108979,
      "auroc": 0.7185998766411137,
      "score": 0.7414109732760058
    },
    "LightGBM": {
      "f1": 0.7646662171274443,
      "auroc": 0.7113419684553705,
      "score": 0.7380040927914073
    }
  },
  "ensemble_result": {
    "f1": 0.7652055725450221,
    "auroc": 0.7175583751872412,
    "score": 0.7413819738661316
  },
  "ensemble_method": "weighted_average",
  "weights": {
    "RandomForest": 0.3278162054558561,
    "CatBoost": 0.3376778573300169,
    "LightGBM": 0.3345059372141271
  }
}