{
  "best_models": {
    "LogisticRegression": {
      "config_name": "Level8",
      "params": {
        "C": 0.01,
        "random_state": 42
      },
      "test_score": 0.7345925807693228,
      "test_f1": 0.7527414220021224,
      "test_auroc": 0.7164437395365231
    },
    "RandomForest": {
      "config_name": "Level4",
      "params": {
        "n_estimators": 200,
        "max_depth": 15,
        "random_state": 42
      },
      "test_score": 0.7305872092068143,
      "test_f1": 0.7613559322033898,
      "test_auroc": 0.6998184862102388
    },
    "XGBoost": {
      "config_name": "Level-3",
      "params": {
        "n_estimators": 20,
        "max_depth": 3,
        "learning_rate": 0.1,
        "random_state": 42
      },
      "test_score": 0.7412661350259631,
      "test_f1": 0.7690244720080456,
      "test_auroc": 0.7135077980438806
    },
    "LightGBM": {
      "config_name": "Level-2",
      "params": {
        "n_estimators": 30,
        "max_depth": 3,
        "learning_rate": 0.1,
        "num_leaves": 15,
        "random_state": 42
      },
      "test_score": 0.7404987556189659,
      "test_f1": 0.7666552784420909,
      "test_auroc": 0.7143422327958411
    }
  },
  "individual_results": {
    "LogisticRegression": {
      "f1": 0.7527414220021224,
      "auroc": 0.7164437395365231,
      "score": 0.7345925807693228
    },
    "RandomForest": {
      "f1": 0.7613559322033898,
      "auroc": 0.6998184862102388,
      "score": 0.7305872092068143
    },
    "XGBoost": {
      "f1": 0.7690244720080456,
      "auroc": 0.7135077980438806,
      "score": 0.7412661350259631
    },
    "LightGBM": {
      "f1": 0.7666552784420909,
      "auroc": 0.7143422327958411,
      "score": 0.7404987556189659
    }
  },
  "ensemble_result": {
    "f1": 0.7681258549931601,
    "auroc": 0.7223720151555204,
    "score": 0.7452489350743403
  },
  "ensemble_method": "weighted_average",
  "weights": {
    "LogisticRegression": 0.2485385047615976,
    "RandomForest": 0.24583557764426736,
    "XGBoost": 0.25307481330259085,
    "LightGBM": 0.2525511042915442
  }
}