{
  "case1": {
    "models": [
      "LogisticRegression",
      "RandomForest",
      "XGBoost"
    ],
    "metrics": {
      "f1": 0.7644230769230769,
      "auroc": 0.7222222222222222,
      "score": 0.7433226495726495
    },
    "weights": {
      "LogisticRegression": 0.332515716042399,
      "RandomForest": 0.32889951280382396,
      "XGBoost": 0.33858477115377705
    }
  },
  "case2": {
    "models": [
      "LogisticRegression",
      "XGBoost"
    ],
    "removed_model": "RandomForest",
    "metrics": {
      "f1": 0.7665864558267446,
      "auroc": 0.7230302229271302,
      "score": 0.7448083393769374
    },
    "weights": {
      "LogisticRegression": 0.49547828139960515,
      "XGBoost": 0.504521718600395
    }
  },
  "comparison": {
    "score_diff": -0.0014856898042878708,
    "f1_diff": -0.00216337890366769,
    "auroc_diff": -0.0008080007049079407,
    "recommendation": "케이스 2 (2개 모델) 권장"
  }
}