{
  "best_models": {
    "LogisticRegression": {
      "config_name": "Level8",
      "params": {
        "C": 0.01
      },
      "test_score": 0.7345925807693228,
      "test_f1": 0.7527414220021224,
      "test_auroc": 0.7164437395365231
    },
    "XGBoost": {
      "config_name": "Level-3",
      "params": {
        "n_estimators": 20,
        "max_depth": 3,
        "learning_rate": 0.1
      },
      "test_score": 0.7412661350259631,
      "test_f1": 0.7690244720080456,
      "test_auroc": 0.7135077980438806
    }
  },
  "individual_results": {
    "LogisticRegression": {
      "f1": 0.7527414220021224,
      "auroc": 0.7164437395365231,
      "score": 0.7345925807693228
    },
    "XGBoost": {
      "f1": 0.7690244720080456,
      "auroc": 0.7135077980438806,
      "score": 0.7412661350259631
    }
  },
  "ensemble_result": {
    "f1": 0.7645217391304348,
    "auroc": 0.7225508855405762,
    "score": 0.7435363123355054
  },
  "ensemble_method": "stacking",
  "weights": {},
  "meta_model": {
    "type": "LogisticRegression",
    "C": 1.0
  }
}