{
  "best_models": {
    "LogisticRegression": {
      "config_name": "Level8",
      "params": {
        "C": 0.01
      },
      "test_score": 0.7345925807693228,
      "test_f1": 0.7527414220021224,
      "test_auroc": 0.7164437395365231
    },
    "XGBoost": {
      "config_name": "Level-3",
      "params": {
        "n_estimators": 20,
        "max_depth": 3,
        "learning_rate": 0.1
      },
      "test_score": 0.7412661350259631,
      "test_f1": 0.7690244720080456,
      "test_auroc": 0.7135077980438806
    }
  },
  "individual_results": {
    "LogisticRegression": {
      "f1": 0.7527414220021224,
      "auroc": 0.7164437395365231,
      "score": 0.7345925807693228
    },
    "XGBoost": {
      "f1": 0.7690244720080456,
      "auroc": 0.7135077980438806,
      "score": 0.7412661350259631
    }
  },
  "ensemble_result": {
    "f1": 0.7665864558267446,
    "auroc": 0.7230302229271302,
    "score": 0.7448083393769374
  },
  "ensemble_method": "weighted_average",
  "weights": {
    "LogisticRegression": 0.49547828139960515,
    "XGBoost": 0.504521718600395
  }
}