{
  "best_models": {
    "LogisticRegression": {
      "config_name": "Level8",
      "params": {
        "C": 0.01
      },
      "test_score": 0.7345925807693228,
      "test_f1": 0.7527414220021224,
      "test_auroc": 0.7164437395365231,
      "model_type_actual": "LogisticRegression"
    },
    "RandomForest": {
      "config_name": "Level4",
      "params": {
        "n_estimators": 200,
        "max_depth": 15
      },
      "test_score": 0.7305872092068143,
      "test_f1": 0.7613559322033898,
      "test_auroc": 0.6998184862102388,
      "model_type_actual": "RandomForest"
    },
    "XGBoost": {
      "config_name": "Level-3",
      "params": {
        "n_estimators": 20,
        "max_depth": 3,
        "learning_rate": 0.1
      },
      "test_score": 0.7412661350259631,
      "test_f1": 0.7690244720080456,
      "test_auroc": 0.7135077980438806,
      "model_type_actual": "XGBoost"
    },
    "LightGBM": {
      "config_name": "Level-2",
      "params": {
        "n_estimators": 30,
        "max_depth": 3,
        "learning_rate": 0.1,
        "num_leaves": 15,
        "random_state": 42
      },
      "test_score": 0.7380040927914073,
      "test_f1": 0.7646662171274443,
      "test_auroc": 0.7113419684553705,
      "model_type_actual": "LightGBM"
    }
  },
  "individual_results": {
    "LogisticRegression": {
      "f1": 0.7543614794138171,
      "auroc": 0.7154674420653802,
      "score": 0.7349144607395987
    },
    "RandomForest": {
      "f1": 0.7611990569215223,
      "auroc": 0.6976367961934973,
      "score": 0.7294179265575098
    },
    "XGBoost": {
      "f1": 0.7700463883366467,
      "auroc": 0.7120415895673627,
      "score": 0.7410439889520047
    },
    "LightGBM": {
      "f1": 0.7646662171274443,
      "auroc": 0.7113419684553705,
      "score": 0.7380040927914073
    }
  },
  "ensemble_result": {
    "f1": 0.7696990192762936,
    "auroc": 0.7209340029958586,
    "score": 0.7453165111360761
  },
  "ensemble_method": "weighted_average",
  "weights": {
    "LogisticRegression": 0.2489614330182468,
    "RandomForest": 0.2462539064355151,
    "XGBoost": 0.253505460818132,
    "LightGBM": 0.2512791997281061
  }
}