{
  "best_models": {
    "LogisticRegression": {
      "config_name": "Level8",
      "params": {
        "C": 0.01,
        "random_state": 42
      },
      "test_score": 0.7345925807693228,
      "test_f1": 0.7527414220021224,
      "test_auroc": 0.7164437395365231
    },
    "RandomForest": {
      "config_name": "Level4",
      "params": {
        "n_estimators": 200,
        "max_depth": 15,
        "random_state": 42
      },
      "test_score": 0.7305872092068143,
      "test_f1": 0.7613559322033898,
      "test_auroc": 0.6998184862102388
    },
    "XGBoost": {
      "config_name": "Level-3",
      "params": {
        "n_estimators": 20,
        "max_depth": 3,
        "learning_rate": 0.1,
        "random_state": 42
      },
      "test_score": 0.7412661350259631,
      "test_f1": 0.7690244720080456,
      "test_auroc": 0.7135077980438806
    },
    "LightGBM": {
      "config_name": "Level-2",
      "params": {
        "n_estimators": 30,
        "max_depth": 3,
        "learning_rate": 0.1,
        "num_leaves": 15,
        "random_state": 42
      },
      "test_score": 0.7404987556189659,
      "test_f1": 0.7666552784420909,
      "test_auroc": 0.7143422327958411
    },
    "CatBoost": {
      "config_name": "Level-1",
      "params": {
        "iterations": 40,
        "depth": 4,
        "learning_rate": 0.1,
        "l2_leaf_reg": 2.0,
        "random_state": 42
      },
      "test_score": 0.7371681095923648,
      "test_f1": 0.7596741344195519,
      "test_auroc": 0.7146620847651776
    }
  },
  "individual_results": {
    "LogisticRegression": {
      "f1": 0.7527414220021224,
      "auroc": 0.7164437395365231,
      "score": 0.7345925807693228
    },
    "RandomForest": {
      "f1": 0.7613559322033898,
      "auroc": 0.6998184862102388,
      "score": 0.7305872092068143
    },
    "XGBoost": {
      "f1": 0.7690244720080456,
      "auroc": 0.7135077980438806,
      "score": 0.7412661350259631
    },
    "LightGBM": {
      "f1": 0.7666552784420909,
      "auroc": 0.7143422327958411,
      "score": 0.7404987556189659
    },
    "CatBoost": {
      "f1": 0.7596741344195519,
      "auroc": 0.7146620847651776,
      "score": 0.7371681095923648
    }
  },
  "ensemble_result": {
    "f1": 0.7687051588657329,
    "auroc": 0.7222653978324082,
    "score": 0.7454852783490705
  },
  "ensemble_method": "weighted_average",
  "weights": {
    "LogisticRegression": 0.1987855850383273,
    "RandomForest": 0.19662373511149264,
    "XGBoost": 0.20241380654107063,
    "LightGBM": 0.2019949346151668,
    "CatBoost": 0.20018193869394257
  }
}