{
  "timestamp": "2025-11-21T14:53:15.984197",
  "baseline": {
    "lr_auroc": 0.714149264252357,
    "xgb_auroc": 0.7134840074015332,
    "ensemble_auroc": 0.7232320028196316,
    "ensemble_f1": 0.7567949170490645,
    "ensemble_score": 0.7400134599343481
  },
  "feature_engineering": {
    "lr_auroc": 0.7161318177813023,
    "xgb_auroc": 0.7139783240814169,
    "ensemble_auroc": 0.7254718477398889,
    "ensemble_f1": 0.7552249380092101,
    "ensemble_score": 0.7403483928745496,
    "weights": {
      "lr": 0.5007529118341474,
      "xgb": 0.49924708816585256
    }
  },
  "improvement": {
    "auroc": 0.0022398449202573056,
    "auroc_pct": 0.30969936500665407,
    "f1": -0.0015699790398544522,
    "f1_pct": -0.2074510550330067,
    "score": 0.00033493294020148223,
    "score_pct": 0.04526038488964735
  }
}