{
  "comparisons": [
    {
      "case": "3개 모델 비교",
      "models": [
        "LogisticRegression",
        "RandomForest",
        "XGBoost"
      ],
      "weighted": {
        "metrics": {
          "f1": 0.7644230769230769,
          "auroc": 0.7222222222222222,
          "score": 0.7433226495726495
        },
        "method": "weighted_average"
      },
      "stacking": {
        "metrics": {
          "f1": 0.7604057362714236,
          "auroc": 0.7226257820072253,
          "score": 0.7415157591393244
        },
        "method": "stacking"
      },
      "difference": {
        "score": -0.001806890433325048,
        "f1": -0.004017340651653267,
        "auroc": 0.00040355978500306033
      },
      "winner": "weighted"
    },
    {
      "case": "2개 모델 비교",
      "models": [
        "LogisticRegression",
        "XGBoost"
      ],
      "weighted": {
        "metrics": {
          "f1": 0.7665864558267446,
          "auroc": 0.7230302229271302,
          "score": 0.7448083393769374
        },
        "method": "weighted_average"
      },
      "stacking": {
        "metrics": {
          "f1": 0.7645217391304348,
          "auroc": 0.7225508855405762,
          "score": 0.7435363123355054
        },
        "method": "stacking"
      },
      "difference": {
        "score": -0.0012720270414319224,
        "f1": -0.0020647166963098096,
        "auroc": -0.0004793373865539241
      },
      "winner": "weighted"
    }
  ]
}