{"LogisticRegression": [0.5536363636363636, 0.5290909090909091, 0.5595996360327571, 0.5259326660600546, 0.5386715195632393], "DecisionTree": [0.5490909090909091, 0.5527272727272727, 0.5777979981801638, 0.5595996360327571, 0.5468607825295724], "SVM": [0.58, 0.5981818181818181, 0.5723384895359418, 0.5787079162875342, 0.5705186533212011], "GaussianNB": [0.4727272727272727, 0.4527272727272727, 0.45222929936305734, 0.4422202001819836, 0.43767060964513194], "KNN": [0.6581818181818182, 0.65, 0.654231119199272, 0.6587807097361238, 0.6132848043676069], "RandomForest": [0.6672727272727272, 0.6854545454545454, 0.6633303002729755, 0.6797088262056415, 0.6578707916287534], "GradientBoosting": [0.5954545454545455, 0.5936363636363636, 0.6178343949044586, 0.6087352138307552, 0.5696087352138307], "NeuralNetwork": [0.5818181818181818, 0.5945454545454546, 0.5868971792538672, 0.6069153776160146, 0.6014558689717925]}