{"LogisticRegression": [0.5332848308475809, 0.5318297562750091, 0.5438341214987268, 0.5471080392870135, 0.541287740996726, 0.5376500545652965, 0.5303746817024373, 0.5434703528555839, 0.5492906511458713, 0.5380138232084394, 0.5445616587850127, 0.5471080392870135, 0.5369225172790105, 0.5372862859221536, 0.542379046926155, 0.5383775918515824, 0.5252819206984358, 0.5401964350672972, 0.541287740996726, 0.541287740996726, 0.5387413604947253, 0.5398326664241543, 0.5278283012004366, 0.542379046926155, 0.5489268825027283, 0.5383775918515824, 0.5376500545652965, 0.5522008002910149, 0.5358312113495817, 0.5449254274281556, 0.5358312113495817, 0.5478355765732994, 0.5347399054201528, 0.5278283012004366, 0.5489268825027283, 0.5361949799927246, 0.5481993452164423, 0.5281920698435795, 0.550745725718443, 0.5401964350672972], "DecisionTree": [0.5260094579847218, 0.5107311749727174, 0.51473263004729, 0.514368861404147, 0.5165514732630048, 0.51473263004729, 0.532557293561295, 0.5150963986904329, 0.5383775918515824, 0.5249181520552928, 0.5201891596944344, 0.5343761367770098, 0.5165514732630048, 0.5176427791924336, 0.5223717715532921, 0.5252819206984358, 0.5100036376864314, 0.5307384503455802, 0.532921062204438, 0.5125500181884322, 0.513641324117861, 0.5161877046198617, 0.5209166969807203, 0.5358312113495817, 0.5158239359767188, 0.5121862495452892, 0.5150963986904329, 0.513641324117861, 0.5154601673335758, 0.5158239359767188, 0.5227355401964351, 0.504183339396144, 0.5125500181884322, 0.49836304110585666, 0.5220080029101491, 0.5183703164787196, 0.5194616224081484, 0.514005092761004, 0.5252819206984358, 0.5161877046198617], "SVM": [0.5620225536558748, 0.5645689341578756, 0.5562022553655875, 0.5700254638050201, 0.569661695161877, 0.5682066205893052, 0.569661695161877, 0.5714805383775918, 0.5711167697344489, 0.5718443070207349, 0.5834849036013096, 0.5711167697344489, 0.5649327028010186, 0.5540196435067297, 0.5634776282284467, 0.579119679883594, 0.5634776282284467, 0.5765732993815933, 0.5707530010913059, 0.5842124408875955, 0.5569297926518734, 0.5558384867224445, 0.5649327028010186, 0.5692979265187341, 0.570389232448163, 0.5565660240087305, 0.5634776282284467, 0.5743906875227356, 0.5765732993815933, 0.5649327028010186, 0.5652964714441615, 0.569661695161877, 0.5754819934521644, 0.5594761731538741, 0.5663877773735904, 0.570389232448163, 0.5776646053110222, 0.5631138595853038, 0.5700254638050201, 0.5711167697344489], "GaussianNB": [0.44016005820298293, 0.46198617679156057, 0.448890505638414, 0.4157875591124045, 0.4707166242269916, 0.47508184794470715, 0.4288832302655511, 0.43870498363041105, 0.43324845398326667, 0.4459803564932703, 0.44925427428155695, 0.4408875954892688, 0.45107311749727175, 0.43070207348126593, 0.45580210985813024, 0.448890505638414, 0.44161513277555475, 0.46416878865041833, 0.46562386322299015, 0.44961804292469987, 0.44161513277555475, 0.4477991997089851, 0.44998181156784284, 0.44016005820298293, 0.4568934157875591, 0.4477991997089851, 0.4376136777009822, 0.44634412513641325, 0.4470716624226992, 0.4550745725718443, 0.45943979628955983, 0.46380502000727536, 0.448890505638414, 0.4561658785012732, 0.4514368861404147, 0.46016733357584577, 0.4634412513641324, 0.4521644234267006, 0.4336122226264096, 0.4598035649327028], "KNN": [0.5998544925427428, 0.6031284103310295, 0.5994907238995999, 0.5907602764641688, 0.6053110221898872, 0.5918515823935977, 0.598763186613314, 0.6056747908330302, 0.6089487086213169, 0.6016733357584576, 0.6180429246998909, 0.6111313204801746, 0.6034921789741724, 0.5933066569661695, 0.6111313204801746, 0.6133139323390324, 0.5936704256093125, 0.6205893052018916, 0.6122226264096035, 0.6144052382684613, 0.5962168061113132, 0.598035649327028, 0.608221171335031, 0.6053110221898872, 0.5914878137504547, 0.6067660967624591, 0.6013095671153147, 0.6056747908330302, 0.6144052382684613, 0.6085849399781739, 0.6224081484176064, 0.6114950891233175, 0.5969443433975992, 0.6067660967624591, 0.6085849399781739, 0.6078574026918879, 0.6154965441978901, 0.607493634048745, 0.6184066933430338, 0.608221171335031], "RandomForest": [0.6271371407784649, 0.6304110585667515, 0.6340487449981812, 0.6224081484176064, 0.6362313568570389, 0.6242269916333212, 0.6322299017824663, 0.6282284467078938, 0.6413241178610404, 0.635867588213896, 0.6431429610767552, 0.6391415060021826, 0.6340487449981812, 0.6158603128410332, 0.6336849763550382, 0.6504183339396145, 0.6111313204801746, 0.6511458712259003, 0.6431429610767552, 0.6318661331393234, 0.626045834849036, 0.6275009094216079, 0.6369588941433248, 0.6304110585667515, 0.6395052746453256, 0.626409603492179, 0.6275009094216079, 0.6362313568570389, 0.6380502000727537, 0.635503819570753, 0.6391415060021826, 0.6267733721353219, 0.6362313568570389, 0.6173153874136049, 0.6376864314296108, 0.6405965805747544, 0.6435067297198982, 0.6362313568570389, 0.6456893415787559, 0.6373226627864678], "GradientBoosting": [0.5925791196798836, 0.5773008366678792, 0.5878501273190251, 0.5787559112404511, 0.5874863586758822, 0.5867588213895962, 0.5882138959621681, 0.5911240451073118, 0.5943979628955984, 0.5853037468170244, 0.5853037468170244, 0.5845762095307384, 0.5914878137504547, 0.5773008366678792, 0.5842124408875955, 0.5947617315387413, 0.5743906875227356, 0.5878501273190251, 0.5874863586758822, 0.5922153510367406, 0.5827573663150236, 0.5813022917424518, 0.5787559112404511, 0.5969443433975992, 0.5809385230993088, 0.5809385230993088, 0.5816660603855948, 0.598035649327028, 0.5874863586758822, 0.5842124408875955, 0.5816660603855948, 0.5751182248090214, 0.5918515823935977, 0.5933066569661695, 0.5929428883230266, 0.579119679883594, 0.5947617315387413, 0.5758457620953074, 0.5860312841033103, 0.5936704256093125], "NeuralNetwork": [0.5543834121498726, 0.5834849036013096, 0.5594761731538741, 0.5722080756638778, 0.5692979265187341, 0.5562022553655875, 0.5838486722444526, 0.5671153146598763, 0.5940341942524554, 0.5729356129501637, 0.5736631502364496, 0.5671153146598763, 0.5849399781738814, 0.560931247726446, 0.5773008366678792, 0.5867588213895962, 0.5554747180793016, 0.5813022917424518, 0.5805747544561659, 0.5740269188795926, 0.5736631502364496, 0.5663877773735904, 0.5645689341578756, 0.5889414332484539, 0.5547471807930157, 0.560931247726446, 0.5663877773735904, 0.5711167697344489, 0.5780283739541652, 0.5551109494361586, 0.5736631502364496, 0.5529283375773009, 0.5740269188795926, 0.5489268825027283, 0.5572935612950164, 0.5631138595853038, 0.5631138595853038, 0.5722080756638778, 0.5849399781738814, 0.5580210985813023]}